epoch,step,train/cardinality_error,train/cardinality_error_0,train/cardinality_error_1,train/cardinality_error_2,train/cardinality_error_enc,train/class_error,train/loss,train/loss_bbox,train/loss_bbox_0,train/loss_bbox_1,train/loss_bbox_2,train/loss_bbox_enc,train/loss_ce,train/loss_ce_0,train/loss_ce_1,train/loss_ce_2,train/loss_ce_enc,train/loss_giou,train/loss_giou_0,train/loss_giou_1,train/loss_giou_2,train/loss_giou_enc,train/loss_mask_ce,train/loss_mask_ce_0,train/loss_mask_ce_1,train/loss_mask_ce_2,train/loss_mask_ce_enc,train/loss_mask_dice,train/loss_mask_dice_0,train/loss_mask_dice_1,train/loss_mask_dice_2,train/loss_mask_dice_enc,train/lr,train/lr_max,train/lr_min,val/AP/solder,val/AP/solder-chip,val/AP/solder-large,val/AP/solder-long,val/AP/solder-middle,val/AP/solder-pin,val/AP/solder-square,val/AP/throughhole,val/AP/voids,val/F1,val/cardinality_error,val/cardinality_error_0,val/cardinality_error_1,val/cardinality_error_2,val/cardinality_error_enc,val/class_error,val/ema_mAP_50,val/ema_mAP_50_95,val/ema_mAR,val/ema_segm_mAP_50,val/ema_segm_mAP_50_95,val/loss,val/loss_bbox,val/loss_bbox_0,val/loss_bbox_1,val/loss_bbox_2,val/loss_bbox_enc,val/loss_ce,val/loss_ce_0,val/loss_ce_1,val/loss_ce_2,val/loss_ce_enc,val/loss_giou,val/loss_giou_0,val/loss_giou_1,val/loss_giou_2,val/loss_giou_enc,val/loss_mask_ce,val/loss_mask_ce_0,val/loss_mask_ce_1,val/loss_mask_ce_2,val/loss_mask_ce_enc,val/loss_mask_dice,val/loss_mask_dice_0,val/loss_mask_dice_1,val/loss_mask_dice_2,val/loss_mask_dice_enc,val/mAP_50,val/mAP_50_95,val/mAP_75,val/mAR,val/precision,val/recall,val/segm_mAP_50,val/segm_mAP_50_95
0,49,,,,,,,,,,,,,,,,,,,,,,,,,,,,,,,,,9.999999747378752e-05,9.999999747378752e-05,3.232564267818816e-06,,,,,,,,,,,,,,,,,,,,,,,,,,,,,,,,,,,,,,,,,,,,,,,,,,,,,,,
0,81,,,,,,,,,,,,,,,,,,,,,,,,,,,,,,,,,,,,0.7699015140533447,0.07574257254600525,0.0,0.590099036693573,0.0,0.47147974371910095,0.6516110897064209,0.6894431710243225,0.028721842914819717,0.5133371949195862,60.71052551269531,60.73684310913086,60.73684310913086,60.73684310913086,60.73684310913086,20.047367095947266,0.5244218111038208,0.3598731756210327,0.3898702561855316,0.5097916722297668,0.3710033595561981,18.9967098236084,0.06550021469593048,0.07091248035430908,0.06924042850732803,0.06742342561483383,0.07352534681558609,0.27319905161857605,0.3019489347934723,0.2778940200805664,0.27549001574516296,0.2843971252441406,0.7260335087776184,0.7365676760673523,0.7288740277290344,0.7277941703796387,0.7549009919166565,0.012607556767761707,0.02345489151775837,0.01662382297217846,0.020585909485816956,0.02271115407347679,0.07844281196594238,0.1089300587773323,0.09510280936956406,0.09662631899118423,0.09505727142095566,0.5187401175498962,0.3641110062599182,0.4172506332397461,0.40759873390197754,0.5674437284469604,0.5083587765693665,0.516470193862915,0.37805092334747314
0,81,1185.268310546875,1189.268310546875,1187.0853271484375,1185.9207763671875,1186.3597412109375,63.97560501098633,23.93868637084961,0.1417303830385208,0.1565038561820984,0.14910677075386047,0.14491836726665497,0.1587468981742859,0.24211129546165466,0.24347828328609467,0.24284043908119202,0.2400403618812561,0.23994334042072296,0.9260035157203674,0.9605419635772705,0.9448211193084717,0.934162437915802,0.9707493782043457,0.027784964069724083,0.04538734629750252,0.03270013630390167,0.02989855408668518,0.0487854927778244,0.14304037392139435,0.15760058164596558,0.14854492247104645,0.14579981565475464,0.15426476299762726,,,,,,,,,,,,,,,,,,,,,,,,,,,,,,,,,,,,,,,,,,,,,,,,,,,,,,,,,,
1,99,,,,,,,,,,,,,,,,,,,,,,,,,,,,,,,,,9.999999747378752e-05,9.999999747378752e-05,3.232564267818816e-06,,,,,,,,,,,,,,,,,,,,,,,,,,,,,,,,,,,,,,,,,,,,,,,,,,,,,,,
1,149,,,,,,,,,,,,,,,,,,,,,,,,,,,,,,,,,9.999999747378752e-05,9.999999747378752e-05,3.232564267818816e-06,,,,,,,,,,,,,,,,,,,,,,,,,,,,,,,,,,,,,,,,,,,,,,,,,,,,,,,
1,163,,,,,,,,,,,,,,,,,,,,,,,,,,,,,,,,,,,,0.7687506079673767,0.5057425498962402,0.07574257254600525,0.8085808753967285,0.1218646839261055,0.6231332421302795,0.8949257135391235,0.8331010341644287,0.0506359227001667,0.6279804110527039,60.73684310913086,60.73684310913086,60.73684310913086,60.73684310913086,60.73684310913086,6.2269287109375,0.6489531397819519,0.4983859062194824,0.5337471961975098,0.6428431868553162,0.4882841408252716,18.630661010742188,0.05141877755522728,0.0531596839427948,0.052324820309877396,0.05179556459188461,0.05666545778512955,0.3222472667694092,0.3737335205078125,0.339728444814682,0.3236027956008911,0.3618754744529724,0.6283077001571655,0.6446030139923096,0.6384315490722656,0.6339989304542542,0.6628309488296509,0.007418843451887369,0.009229052811861038,0.007491579279303551,0.007487193681299686,0.011544965207576752,0.073750339448452,0.0904979333281517,0.08243193477392197,0.07390732318162918,0.09255257248878479,0.6888704299926758,0.5202752351760864,0.6224426627159119,0.5677009224891663,0.6632850170135498,0.6291919946670532,0.6823527216911316,0.5278788805007935
1,163,1197.731689453125,1197.780517578125,1197.780517578125,1197.780517578125,1197.780517578125,10.932284355163574,20.804288864135742,0.06401580572128296,0.0693402886390686,0.06592310220003128,0.06518759578466415,0.07174352556467056,0.3614095151424408,0.3868664801120758,0.3692989945411682,0.36205631494522095,0.37733450531959534,0.7011698484420776,0.7225891351699829,0.7134256362915039,0.7046051621437073,0.7312014698982239,0.011031745001673698,0.015726033598184586,0.012592186219990253,0.012062524445354939,0.01639406941831112,0.08376630395650864,0.10098949074745178,0.09112611413002014,0.08615349233150482,0.10864398628473282,,,,,,,,,,,,,,,,,,,,,,,,,,,,,,,,,,,,,,,,,,,,,,,,,,,,,,,,,,
2,199,,,,,,,,,,,,,,,,,,,,,,,,,,,,,,,,,9.999999747378752e-05,9.999999747378752e-05,3.232564267818816e-06,,,,,,,,,,,,,,,,,,,,,,,,,,,,,,,,,,,,,,,,,,,,,,,,,,,,,,,
2,245,,,,,,,,,,,,,,,,,,,,,,,,,,,,,,,,,,,,0.78529292345047,0.4267326593399048,0.0,0.8346534371376038,0.0,0.6884272694587708,0.898718535900116,0.8324530720710754,0.05821012705564499,0.6546165943145752,60.73684310913086,60.73684310913086,60.73684310913086,60.73684310913086,60.73684310913086,6.647463798522949,0.6786195635795593,0.5307091474533081,0.5460526347160339,0.6717667579650879,0.5305017828941345,18.257314682006836,0.044677652418613434,0.04652678221464157,0.044911857694387436,0.04443895444273949,0.049329500645399094,0.34283342957496643,0.3644430339336395,0.3506683111190796,0.34229984879493713,0.3692726790904999,0.5995743870735168,0.6248390078544617,0.6123445630073547,0.6057337522506714,0.6342453956604004,0.006397250574082136,0.007711630780249834,0.005677483975887299,0.006268528290092945,0.00884932279586792,0.07548350840806961,0.08369027078151703,0.0703076496720314,0.06495334953069687,0.09202718734741211,0.670240581035614,0.5027208924293518,0.5464210510253906,0.5263137817382812,0.7643767595291138,0.6275115609169006,0.6640052795410156,0.5185550451278687
2,245,1198.8414306640625,1198.8597412109375,1198.8597412109375,1198.8597412109375,1198.8597412109375,6.2341837882995605,20.631118774414062,0.051621776074171066,0.054745353758335114,0.052781227976083755,0.0523950457572937,0.05798245221376419,0.3979059159755707,0.4389958381652832,0.4097931981086731,0.3985326290130615,0.427604615688324,0.6334314346313477,0.6568998098373413,0.6481290459632874,0.6401293873786926,0.6664022207260132,0.009002214297652245,0.012379503808915615,0.010387233458459377,0.009571989066898823,0.012843653559684753,0.0767018049955368,0.09362563490867615,0.08216722309589386,0.07854428142309189,0.10064388811588287,,,,,,,,,,,,,,,,,,,,,,,,,,,,,,,,,,,,,,,,,,,,,,,,,,,,,,,,,,
3,249,,,,,,,,,,,,,,,,,,,,,,,,,,,,,,,,,9.999999747378752e-05,9.999999747378752e-05,3.232564267818816e-06,,,,,,,,,,,,,,,,,,,,,,,,,,,,,,,,,,,,,,,,,,,,,,,,,,,,,,,
3,299,,,,,,,,,,,,,,,,,,,,,,,,,,,,,,,,,9.999999747378752e-05,9.999999747378752e-05,3.232564267818816e-06,,,,,,,,,,,,,,,,,,,,,,,,,,,,,,,,,,,,,,,,,,,,,,,,,,,,,,,
3,327,,,,,,,,,,,,,,,,,,,,,,,,,,,,,,,,,,,,0.7508226037025452,0.6227722764015198,0.0,0.7838283777236938,0.0,0.6188451647758484,0.8156850337982178,0.849361777305603,0.07358711957931519,0.6836916208267212,60.73684310913086,60.73684310913086,60.73684310913086,60.73684310913086,60.71052551269531,1.76323664188385,0.7204842567443848,0.5846339464187622,0.6295931339263916,0.7122793793678284,0.5786735415458679,18.828393936157227,0.028345149010419846,0.031295906752347946,0.02966546081006527,0.028471730649471283,0.03603493049740791,0.3997272253036499,0.4131626784801483,0.39966610074043274,0.4014585316181183,0.4250071048736572,0.5645135641098022,0.5829533934593201,0.5796699523925781,0.5734346508979797,0.6056073904037476,0.0063246749341487885,0.01137737650424242,0.00821713823825121,0.0073343305848538876,0.009914408437907696,0.06151959300041199,0.07913097739219666,0.07384593784809113,0.07035287469625473,0.0823550894856453,0.6837207078933716,0.5016558170318604,0.5856640934944153,0.5201365947723389,0.7189382314682007,0.6741830110549927,0.6731541752815247,0.5419749021530151
3,327,1199.0244140625,1199.030517578125,1199.030517578125,1199.0244140625,1199.03662109375,5.233431339263916,20.168344497680664,0.043725088238716125,0.04721797630190849,0.045460544526576996,0.044604409486055374,0.04980891942977905,0.4103914499282837,0.4532611072063446,0.4218408167362213,0.4121839106082916,0.4418254494667053,0.5862563848495483,0.6065258383750916,0.5987640619277954,0.5919563174247742,0.6137897968292236,0.007230271585285664,0.009752918966114521,0.007780070882290602,0.007545726839452982,0.010617448017001152,0.07269351184368134,0.09199582785367966,0.0811561867594719,0.07475978881120682,0.10090000182390213,,,,,,,,,,,,,,,,,,,,,,,,,,,,,,,,,,,,,,,,,,,,,,,,,,,,,,,,,,
4,349,,,,,,,,,,,,,,,,,,,,,,,,,,,,,,,,,9.999999747378752e-05,9.999999747378752e-05,3.232564267818816e-06,,,,,,,,,,,,,,,,,,,,,,,,,,,,,,,,,,,,,,,,,,,,,,,,,,,,,,,
4,399,,,,,,,,,,,,,,,,,,,,,,,,,,,,,,,,,9.999999747378752e-05,9.999999747378752e-05,3.232564267818816e-06,,,,,,,,,,,,,,,,,,,,,,,,,,,,,,,,,,,,,,,,,,,,,,,,,,,,,,,
4,409,,,,,,,,,,,,,,,,,,,,,,,,,,,,,,,,,,,,0.8033143877983093,0.8999999761581421,0.07574257254600525,0.8693069219589233,0.5599340200424194,0.7341389656066895,0.8292389512062073,0.8192158341407776,0.07772471010684967,0.7814691066741943,60.73684310913086,60.73684310913086,60.73684310913086,60.73684310913086,60.73684310913086,2.7410542964935303,0.7890753149986267,0.6512488126754761,0.6981996893882751,0.7811371684074402,0.6310816407203674,18.303436279296875,0.03180379793047905,0.03087753988802433,0.030479930341243744,0.032049309462308884,0.034447334706783295,0.38161078095436096,0.40965116024017334,0.3883856236934662,0.37908175587654114,0.41693106293678284,0.5384575724601746,0.5649956464767456,0.5536342263221741,0.5441545844078064,0.5854013562202454,0.004858541768044233,0.007317541632801294,0.006103802938014269,0.005768562201410532,0.007865243591368198,0.061669085174798965,0.08220883458852768,0.07633883506059647,0.07283405214548111,0.08574733883142471,0.788684070110321,0.6298462748527527,0.7314843535423279,0.6760738492012024,0.8480650782585144,0.7594407200813293,0.7862160801887512,0.6212398409843445
4,409,1199.1036376953125,1199.1646728515625,1199.1646728515625,1199.1646728515625,1199.1524658203125,4.186417579650879,20.058305740356445,0.04102465137839317,0.04350090026855469,0.04182111471891403,0.041386060416698456,0.046096570789813995,0.42222294211387634,0.4553579092025757,0.4329758286476135,0.4231952428817749,0.4471084177494049,0.5796100497245789,0.5997803211212158,0.5925912857055664,0.5839240550994873,0.6092894673347473,0.006667411886155605,0.008953903801739216,0.0074489605613052845,0.006961666978895664,0.009794789366424084,0.06864331662654877,0.0826665386557579,0.07530766725540161,0.07122904807329178,0.09322094917297363,,,,,,,,,,,,,,,,,,,,,,,,,,,,,,,,,,,,,,,,,,,,,,,,,,,,,,,,,,
5,449,,,,,,,,,,,,,,,,,,,,,,,,,,,,,,,,,9.999999747378752e-05,9.999999747378752e-05,3.232564267818816e-06,,,,,,,,,,,,,,,,,,,,,,,,,,,,,,,,,,,,,,,,,,,,,,,,,,,,,,,
5,491,,,,,,,,,,,,,,,,,,,,,,,,,,,,,,,,,,,,0.7922465801239014,1.0,0.35346534848213196,0.8628712892532349,0.2849009931087494,0.7127189636230469,0.9150027632713318,0.83456951379776,0.07113480567932129,0.7992159128189087,60.73684310913086,60.73684310913086,60.73684310913086,60.73684310913086,60.73684310913086,1.2987911701202393,0.8086631894111633,0.6783585548400879,0.6979162693023682,0.8078054785728455,0.665128767490387,17.81436538696289,0.03181891515851021,0.033215418457984924,0.031478919088840485,0.0310636255890131,0.03652481734752655,0.3708174228668213,0.3873390257358551,0.3725380003452301,0.37250250577926636,0.38750895857810974,0.5487074851989746,0.5693103075027466,0.5613627433776855,0.5542628169059753,0.5822643637657166,0.006265918258577585,0.006757049355655909,0.007186847273260355,0.006438249256461859,0.008036786690354347,0.05648123100399971,0.0728335753083229,0.07193122059106827,0.0607074610888958,0.0850638821721077,0.7853505611419678,0.6474344730377197,0.7468867301940918,0.6670629978179932,0.8978458046913147,0.7805600166320801,0.7796348333358765,0.6427246332168579
5,491,1196.1280517578125,1196.1341552734375,1196.1341552734375,1196.1341552734375,1196.1341552734375,3.3161277770996094,19.738178253173828,0.03625574707984924,0.03842385113239288,0.03728724271059036,0.03664205223321915,0.04082578420639038,0.42077478766441345,0.4625077247619629,0.4315580129623413,0.4215143620967865,0.45139941573143005,0.5581333041191101,0.582349956035614,0.5727558732032776,0.5641713738441467,0.5897554755210876,0.0055695404298603535,0.0097251757979393,0.007198975421488285,0.005805451888591051,0.010555104352533817,0.06662678718566895,0.08328451961278915,0.07291260361671448,0.06862153857946396,0.09328094124794006,,,,,,,,,,,,,,,,,,,,,,,,,,,,,,,,,,,,,,,,,,,,,,,,,,,,,,,,,,
6,499,,,,,,,,,,,,,,,,,,,,,,,,,,,,,,,,,9.999999747378752e-05,9.999999747378752e-05,3.232564267818816e-06,,,,,,,,,,,,,,,,,,,,,,,,,,,,,,,,,,,,,,,,,,,,,,,,,,,,,,,
6,549,,,,,,,,,,,,,,,,,,,,,,,,,,,,,,,,,9.999999747378752e-05,9.999999747378752e-05,3.232564267818816e-06,,,,,,,,,,,,,,,,,,,,,,,,,,,,,,,,,,,,,,,,,,,,,,,,,,,,,,,
6,573,,,,,,,,,,,,,,,,,,,,,,,,,,,,,,,,,,,,0.8179791569709778,0.8666666746139526,0.0,0.9257425665855408,0.6421452164649963,0.7466763257980347,0.8726539611816406,0.8394545912742615,0.08229351043701172,0.7842457294464111,60.73684310913086,60.73684310913086,60.73684310913086,60.73684310913086,60.73684310913086,0.6563889384269714,0.8396507501602173,0.6973470449447632,0.715148389339447,0.8311651349067688,0.6898975968360901,17.94198226928711,0.028356656432151794,0.031129663810133934,0.030144289135932922,0.029106860980391502,0.03401925414800644,0.38343897461891174,0.3984717130661011,0.3847630023956299,0.38033634424209595,0.39677706360816956,0.5367301106452942,0.5531542897224426,0.5498716235160828,0.5433135628700256,0.5613564252853394,0.005570633336901665,0.0067399670369923115,0.006282723043113947,0.005303319543600082,0.007402610499411821,0.06461215764284134,0.08240312337875366,0.07220518589019775,0.058641478419303894,0.08492124080657959,0.7904794216156006,0.6437346339225769,0.7443159222602844,0.6639277935028076,0.8717809915542603,0.7701349854469299,0.7790027260780334,0.6334565877914429
6,573,1200.9146728515625,1200.9146728515625,1200.9146728515625,1200.9146728515625,1200.8963623046875,2.812032699584961,20.282215118408203,0.034479279071092606,0.03699497878551483,0.035499319434165955,0.034920088946819305,0.039892058819532394,0.44764444231987,0.4820927083492279,0.4588130712509155,0.44946473836898804,0.47692275047302246,0.538643479347229,0.5584160685539246,0.5497527122497559,0.5443222522735596,0.5652493238449097,0.006572976242750883,0.008315362967550755,0.0072809550911188126,0.006606463808566332,0.009596233256161213,0.07423900067806244,0.08865172415971756,0.07990890741348267,0.07565233111381531,0.10034111142158508,,,,,,,,,,,,,,,,,,,,,,,,,,,,,,,,,,,,,,,,,,,,,,,,,,,,,,,,,,
7,599,,,,,,,,,,,,,,,,,,,,,,,,,,,,,,,,,9.999999747378752e-05,9.999999747378752e-05,3.232564267818816e-06,,,,,,,,,,,,,,,,,,,,,,,,,,,,,,,,,,,,,,,,,,,,,,,,,,,,,,,
7,649,,,,,,,,,,,,,,,,,,,,,,,,,,,,,,,,,9.999999747378752e-05,9.999999747378752e-05,3.232564267818816e-06,,,,,,,,,,,,,,,,,,,,,,,,,,,,,,,,,,,,,,,,,,,,,,,,,,,,,,,
7,655,,,,,,,,,,,,,,,,,,,,,,,,,,,,,,,,,,,,0.8082360625267029,0.8884488344192505,0.0,0.9009901285171509,0.6241254210472107,0.7472468614578247,0.8619839549064636,0.7880010008811951,0.07808090001344681,0.7915452122688293,60.73684310913086,60.73684310913086,60.73684310913086,60.73684310913086,60.73684310913086,1.5455166101455688,0.8482388257980347,0.705198347568512,0.7234756350517273,0.8389616012573242,0.6981324553489685,18.603679656982422,0.028307011350989342,0.0294626597315073,0.02838534116744995,0.02851766347885132,0.03340359032154083,0.41004523634910583,0.4194008409976959,0.4147757291793823,0.4098343551158905,0.42770832777023315,0.5344452857971191,0.5504681468009949,0.5461593270301819,0.5425781607627869,0.559140682220459,0.005525695160031319,0.006752522196620703,0.006459703668951988,0.005218944046646357,0.007608394138514996,0.07375872880220413,0.07658954709768295,0.06724057346582413,0.06753995269536972,0.08108468353748322,0.7820832133293152,0.633012592792511,0.737841010093689,0.654000461101532,0.8329640030860901,0.7755149006843567,0.7733940482139587,0.6261639595031738
7,655,1200.280517578125,1200.280517578125,1200.280517578125,1200.280517578125,1200.280517578125,1.5892844200134277,19.834421157836914,0.033982470631599426,0.035497792065143585,0.034732647240161896,0.034344349056482315,0.038366060703992844,0.4330682158470154,0.4652784764766693,0.43884119391441345,0.43401607871055603,0.4589662253856659,0.5550593137741089,0.5793412327766418,0.570013165473938,0.5617358684539795,0.5855071544647217,0.005984593648463488,0.007727945223450661,0.006484402343630791,0.006166396196931601,0.008978791534900665,0.06862124800682068,0.08053210377693176,0.07229159772396088,0.07006583362817764,0.09227430075407028,,,,,,,,,,,,,,,,,,,,,,,,,,,,,,,,,,,,,,,,,,,,,,,,,,,,,,,,,,
8,699,,,,,,,,,,,,,,,,,,,,,,,,,,,,,,,,,9.999999747378752e-05,9.999999747378752e-05,3.232564267818816e-06,,,,,,,,,,,,,,,,,,,,,,,,,,,,,,,,,,,,,,,,,,,,,,,,,,,,,,,
8,737,,,,,,,,,,,,,,,,,,,,,,,,,,,,,,,,,,,,0.7762954831123352,0.9326732754707336,0.0,0.8138613700866699,0.6309607028961182,0.7198797464370728,0.9223592281341553,0.8132278919219971,0.09011136740446091,0.7876285314559937,60.73684310913086,60.73684310913086,60.73684310913086,60.73684310913086,60.73684310913086,1.2952038049697876,0.7860211133956909,0.6481165289878845,0.6670891046524048,0.7771791219711304,0.6418542861938477,17.993650436401367,0.027461189776659012,0.029736904427409172,0.029668724164366722,0.02816096693277359,0.03334692493081093,0.3922034204006195,0.40917423367500305,0.38889437913894653,0.3910520076751709,0.4208172857761383,0.5193292498588562,0.5422835350036621,0.5260055661201477,0.5259590148925781,0.5567229986190796,0.006152634043246508,0.006266663316637278,0.00642461096867919,0.005558082368224859,0.007144335191696882,0.06742066144943237,0.07008383423089981,0.07028529047966003,0.05940714105963707,0.08135072886943817,0.7919461727142334,0.6332632303237915,0.6887096166610718,0.6524205207824707,0.8453251719474792,0.771522045135498,0.7770428657531738,0.615408718585968
8,737,1199.219482421875,1199.219482421875,1199.219482421875,1199.21337890625,1199.219482421875,2.2769601345062256,19.83782386779785,0.03181597962975502,0.0330682136118412,0.03253015875816345,0.032372597604990005,0.03563503175973892,0.4396504759788513,0.47656139731407166,0.44786080718040466,0.4399748146533966,0.46985286474227905,0.5303360819816589,0.5523508787155151,0.5438103079795837,0.536479115486145,0.5591375827789307,0.007079529110342264,0.009082773700356483,0.00784599594771862,0.007368858903646469,0.010290750302374363,0.0701766163110733,0.08323703706264496,0.0756911113858223,0.071781687438488,0.09684291481971741,,,,,,,,,,,,,,,,,,,,,,,,,,,,,,,,,,,,,,,,,,,,,,,,,,,,,,,,,,
9,749,,,,,,,,,,,,,,,,,,,,,,,,,,,,,,,,,9.999999747378752e-05,9.999999747378752e-05,3.232564267818816e-06,,,,,,,,,,,,,,,,,,,,,,,,,,,,,,,,,,,,,,,,,,,,,,,,,,,,,,,
9,799,,,,,,,,,,,,,,,,,,,,,,,,,,,,,,,,,9.999999747378752e-05,9.999999747378752e-05,3.232564267818816e-06,,,,,,,,,,,,,,,,,,,,,,,,,,,,,,,,,,,,,,,,,,,,,,,,,,,,,,,
9,819,,,,,,,,,,,,,,,,,,,,,,,,,,,,,,,,,,,,0.7785354256629944,0.9168316721916199,0.302970290184021,0.7841584086418152,0.7219526767730713,0.7646051049232483,0.8942877054214478,0.8549885749816895,0.08947828412055969,0.8625534176826477,60.73684310913086,60.73684310913086,60.73684310913086,60.73684310913086,60.73684310913086,2.3221638202667236,0.8018918633460999,0.6660305261611938,0.6823399066925049,0.7925132513046265,0.6454697847366333,17.828176498413086,0.03039821796119213,0.029508797451853752,0.029666373506188393,0.030212407931685448,0.031921226531267166,0.38448846340179443,0.40929877758026123,0.3890240788459778,0.38501864671707153,0.41518086194992065,0.5084142684936523,0.5344173312187195,0.5239652395248413,0.5128933191299438,0.5402239561080933,0.00560664152726531,0.007187534123659134,0.005692629609256983,0.006215904839336872,0.00828736275434494,0.06686665862798691,0.07320655137300491,0.060875359922647476,0.06457439064979553,0.08443973958492279,0.8544883131980896,0.6786453723907471,0.7963488698005676,0.6971272826194763,0.9243500828742981,0.8487743139266968,0.8468619585037231,0.6561598777770996
9,819,1197.93896484375,1197.93896484375,1197.93896484375,1197.9268798828125,1197.8597412109375,1.746592402458191,19.465354919433594,0.03212789446115494,0.03403845801949501,0.03299787640571594,0.032563384622335434,0.03609533607959747,0.4306993782520294,0.4664439260959625,0.44054296612739563,0.433273047208786,0.4592077136039734,0.5245294570922852,0.5513815879821777,0.5379673838615417,0.5302022695541382,0.5577316284179688,0.00578609062358737,0.007759309373795986,0.0064114173874258995,0.006121383979916573,0.00914585031569004,0.06547749042510986,0.08007295429706573,0.07145904749631882,0.06839217245578766,0.09373006224632263,,,,,,,,,,,,,,,,,,,,,,,,,,,,,,,,,,,,,,,,,,,,,,,,,,,,,,,,,,
10,849,,,,,,,,,,,,,,,,,,,,,,,,,,,,,,,,,9.999999747378752e-05,9.999999747378752e-05,3.232564267818816e-06,,,,,,,,,,,,,,,,,,,,,,,,,,,,,,,,,,,,,,,,,,,,,,,,,,,,,,,
10,899,,,,,,,,,,,,,,,,,,,,,,,,,,,,,,,,,9.999999747378752e-05,9.999999747378752e-05,3.232564267818816e-06,,,,,,,,,,,,,,,,,,,,,,,,,,,,,,,,,,,,,,,,,,,,,,,,,,,,,,,
10,901,,,,,,,,,,,,,,,,,,,,,,,,,,,,,,,,,,,,0.82020503282547,0.8336633443832397,0.4039604067802429,0.7679867744445801,0.6892064213752747,0.7639375925064087,0.9314783811569214,0.821601152420044,0.08272802829742432,0.8673349618911743,60.73684310913086,60.73684310913086,60.73684310913086,60.73684310913086,60.73684310913086,4.4497504234313965,0.8005633354187012,0.6622050404548645,0.6802963614463806,0.7922477722167969,0.6498835682868958,17.775009155273438,0.030439412221312523,0.03314878046512604,0.03299189731478691,0.03147933632135391,0.03751445189118385,0.37912124395370483,0.39246776700019836,0.37833139300346375,0.3785940110683441,0.3984009921550751,0.5261147618293762,0.5530877113342285,0.539405107498169,0.5317851901054382,0.5630849599838257,0.005210583098232746,0.006507411599159241,0.005445997230708599,0.00552260410040617,0.007621239870786667,0.061372168362140656,0.07262023538351059,0.06403709203004837,0.06693548709154129,0.08184773474931717,0.8543524146080017,0.6794185638427734,0.774768054485321,0.6949152946472168,0.9802285432815552,0.8307053446769714,0.8489615321159363,0.702780544757843
10,901,1199.6646728515625,1199.6646728515625,1199.6646728515625,1199.6402587890625,1199.6646728515625,1.5070315599441528,19.746849060058594,0.03094831109046936,0.032594721764326096,0.03161328285932541,0.03152355179190636,0.034722376614809036,0.44250187277793884,0.4828760027885437,0.45214909315109253,0.44393083453178406,0.47195932269096375,0.5153945684432983,0.5379858613014221,0.5277259349822998,0.520293116569519,0.5434577465057373,0.005637395661324263,0.008095934055745602,0.0063284533098340034,0.005790326744318008,0.009288729168474674,0.0701979398727417,0.08591195940971375,0.07540798932313919,0.07119856774806976,0.09874948859214783,,,,,,,,,,,,,,,,,,,,,,,,,,,,,,,,,,,,,,,,,,,,,,,,,,,,,,,,,,
11,949,,,,,,,,,,,,,,,,,,,,,,,,,,,,,,,,,9.999999747378752e-05,9.999999747378752e-05,3.232564267818816e-06,,,,,,,,,,,,,,,,,,,,,,,,,,,,,,,,,,,,,,,,,,,,,,,,,,,,,,,
11,983,,,,,,,,,,,,,,,,,,,,,,,,,,,,,,,,,,,,0.8069563508033752,0.8999999761581421,0.302970290184021,0.8252475261688232,0.5017491579055786,0.7203225493431091,0.9217475652694702,0.8364984393119812,0.09304548054933548,0.8653911352157593,60.73684310913086,60.73684310913086,60.73684310913086,60.73684310913086,60.73684310913086,3.16867733001709,0.8570494055747986,0.7097668647766113,0.7266831398010254,0.8486512303352356,0.7114861607551575,17.600250244140625,0.02802722342312336,0.029297485947608948,0.028051482513546944,0.02877018414437771,0.032854292541742325,0.37612825632095337,0.4065976142883301,0.3843260705471039,0.3749253451824188,0.4034450948238373,0.516472339630127,0.5395750999450684,0.5337583422660828,0.5276340842247009,0.5468616485595703,0.005676687695086002,0.006552526261657476,0.005481179803609848,0.004991520661860704,0.007029491942375898,0.06512773782014847,0.06553414463996887,0.05808559060096741,0.06033365800976753,0.0830935686826706,0.8333210349082947,0.6565041542053223,0.7671054005622864,0.6802710294723511,0.9554608464241028,0.8260524868965149,0.8242596387863159,0.6741611957550049
11,983,1197.8353271484375,1197.8353271484375,1197.8353271484375,1197.8353271484375,1197.8353271484375,2.7359631061553955,19.467077255249023,0.032037824392318726,0.03424837440252304,0.032957687973976135,0.032960355281829834,0.0367497056722641,0.4330427944660187,0.4758383631706238,0.4444783926010132,0.4342772662639618,0.4697810709476471,0.5086397528648376,0.5316904783248901,0.5209843516349792,0.512741208076477,0.5375123023986816,0.005163609981536865,0.0069157895632088184,0.005567657761275768,0.0052385488525033,0.008361251093447208,0.06629713624715805,0.08429373800754547,0.07331851124763489,0.06865651905536652,0.09860359877347946,,,,,,,,,,,,,,,,,,,,,,,,,,,,,,,,,,,,,,,,,,,,,,,,,,,,,,,,,,
12,999,,,,,,,,,,,,,,,,,,,,,,,,,,,,,,,,,9.999999747378752e-05,9.999999747378752e-05,3.232564267818816e-06,,,,,,,,,,,,,,,,,,,,,,,,,,,,,,,,,,,,,,,,,,,,,,,,,,,,,,,
12,1049,,,,,,,,,,,,,,,,,,,,,,,,,,,,,,,,,9.999999747378752e-05,9.999999747378752e-05,3.232564267818816e-06,,,,,,,,,,,,,,,,,,,,,,,,,,,,,,,,,,,,,,,,,,,,,,,,,,,,,,,
12,1065,,,,,,,,,,,,,,,,,,,,,,,,,,,,,,,,,,,,0.8127889633178711,0.8610560894012451,0.35346534848213196,0.8999999761581421,0.7223874926567078,0.7345961332321167,0.9164378046989441,0.8500868678092957,0.09157166630029678,0.876424252986908,60.73684310913086,60.73684310913086,60.73684310913086,60.73684310913086,60.73684310913086,1.8122512102127075,0.8557456731796265,0.7012465000152588,0.7200586199760437,0.846496045589447,0.711756706237793,18.02398681640625,0.02947152964770794,0.029982836917042732,0.02902623452246189,0.029231103137135506,0.03210397809743881,0.3869777321815491,0.4219766855239868,0.4025426208972931,0.39415380358695984,0.42084798216819763,0.4990737736225128,0.5212289094924927,0.5136433839797974,0.5019888877868652,0.532704770565033,0.005401662550866604,0.007576290518045425,0.006135053001344204,0.005572415888309479,0.008918537758290768,0.06513078510761261,0.07642804086208344,0.06577298790216446,0.06719096750020981,0.09290022403001785,0.8575230240821838,0.6935989260673523,0.8131217360496521,0.712628185749054,0.9535418748855591,0.8485366702079773,0.8478477597236633,0.6992114186286926
12,1065,1199.3780517578125,1199.3780517578125,1199.3780517578125,1199.3780517578125,1199.3780517578125,2.185837984085083,19.332412719726562,0.03320867940783501,0.035207170993089676,0.033571235835552216,0.03354804217815399,0.037931084632873535,0.42482104897499084,0.4625360369682312,0.43522021174430847,0.4260859191417694,0.45248672366142273,0.5353575348854065,0.5580557584762573,0.548596978187561,0.5407624840736389,0.5641877055168152,0.005135206039994955,0.008408624678850174,0.005695919506251812,0.005169091280549765,0.008579368703067303,0.06314181536436081,0.07716461271047592,0.0666276142001152,0.0631004124879837,0.09005869925022125,,,,,,,,,,,,,,,,,,,,,,,,,,,,,,,,,,,,,,,,,,,,,,,,,,,,,,,,,,
13,1099,,,,,,,,,,,,,,,,,,,,,,,,,,,,,,,,,9.999999747378752e-05,9.999999747378752e-05,3.232564267818816e-06,,,,,,,,,,,,,,,,,,,,,,,,,,,,,,,,,,,,,,,,,,,,,,,,,,,,,,,
13,1147,,,,,,,,,,,,,,,,,,,,,,,,,,,,,,,,,,,,0.8060230612754822,1.0,0.0,0.8128712773323059,0.6287203431129456,0.752443253993988,0.8927860260009766,0.8478081822395325,0.0921374037861824,0.7973358631134033,60.73684310913086,60.73684310913086,60.73684310913086,60.73684310913086,60.73684310913086,0.9457728862762451,0.8591517806053162,0.7120209336280823,0.731777012348175,0.8503478169441223,0.7097792625427246,18.016521453857422,0.02606482245028019,0.027155473828315735,0.027421515434980392,0.027214210480451584,0.030312547460198402,0.39417359232902527,0.43687865138053894,0.40038686990737915,0.3897300958633423,0.42291730642318726,0.5092107653617859,0.5278246402740479,0.5137596130371094,0.5140321850776672,0.5347529649734497,0.006144008133560419,0.007015628274530172,0.00683058425784111,0.005965641234070063,0.008074350655078888,0.0661134123802185,0.07463996112346649,0.06428389251232147,0.058207347989082336,0.08394259214401245,0.7850385904312134,0.648087739944458,0.759281575679779,0.6677220463752747,0.8402839303016663,0.7810221910476685,0.7778047323226929,0.6423604488372803
13,1147,1199.93896484375,1199.8658447265625,1199.8597412109375,1199.9329833984375,1199.8536376953125,1.6803559064865112,19.71681022644043,0.03149975836277008,0.03264704719185829,0.03218762204051018,0.03200468793511391,0.034899551421403885,0.4465908408164978,0.48552465438842773,0.4564399719238281,0.44820529222488403,0.4786447584629059,0.509982168674469,0.5310144424438477,0.5209692716598511,0.5141308307647705,0.5371570587158203,0.005179605912417173,0.007702607195824385,0.006451154127717018,0.0058824107982218266,0.008708970621228218,0.06727132201194763,0.08142197132110596,0.07245483249425888,0.06969326734542847,0.09465167671442032,,,,,,,,,,,,,,,,,,,,,,,,,,,,,,,,,,,,,,,,,,,,,,,,,,,,,,,,,,
14,1149,,,,,,,,,,,,,,,,,,,,,,,,,,,,,,,,,9.999999747378752e-05,9.999999747378752e-05,3.232564267818816e-06,,,,,,,,,,,,,,,,,,,,,,,,,,,,,,,,,,,,,,,,,,,,,,,,,,,,,,,
14,1199,,,,,,,,,,,,,,,,,,,,,,,,,,,,,,,,,9.999999747378752e-05,9.999999747378752e-05,3.232564267818816e-06,,,,,,,,,,,,,,,,,,,,,,,,,,,,,,,,,,,,,,,,,,,,,,,,,,,,,,,
14,1229,,,,,,,,,,,,,,,,,,,,,,,,,,,,,,,,,,,,0.8178463578224182,1.0,0.7252475023269653,0.8564356565475464,0.6575082540512085,0.7597728967666626,0.8828383088111877,0.8395251035690308,0.0868835374712944,0.9172793030738831,60.71052551269531,60.73684310913086,60.73684310913086,60.73684310913086,60.73684310913086,0.433388352394104,0.8586970567703247,0.7248580455780029,0.7423464059829712,0.8495679497718811,0.7160317897796631,18.203880310058594,0.02553892694413662,0.026860004290938377,0.026092803105711937,0.024949803948402405,0.030527522787451744,0.39812541007995605,0.43662095069885254,0.4086642265319824,0.4023098349571228,0.4470929205417633,0.5101653337478638,0.5242189168930054,0.5149361491203308,0.5117905139923096,0.5386626124382019,0.0054255761206150055,0.006902181077748537,0.006646444089710712,0.006120642181485891,0.007564076688140631,0.06639740616083145,0.07148952782154083,0.06480381637811661,0.057993367314338684,0.08074134588241577,0.9105811715126038,0.7362286448478699,0.8680793046951294,0.760981559753418,0.9613442420959473,0.905868649482727,0.9041687846183777,0.7582692503929138
14,1229,1199.951171875,1200.0975341796875,1200.0914306640625,1200.018310546875,1200.018310546875,1.227813482284546,19.53838539123535,0.029420578852295876,0.029896140098571777,0.029735032469034195,0.029730206355452538,0.03207871690392494,0.44826555252075195,0.4939601719379425,0.4597707986831665,0.4509267508983612,0.4816298484802246,0.48979541659355164,0.5103142261505127,0.5012450814247131,0.49539119005203247,0.5158717632293701,0.005951452534645796,0.007478243671357632,0.006402020808309317,0.006068003363907337,0.00813098531216383,0.06739352643489838,0.08115137368440628,0.07218220829963684,0.06885270774364471,0.09360399842262268,,,,,,,,,,,,,,,,,,,,,,,,,,,,,,,,,,,,,,,,,,,,,,,,,,,,,,,,,,
15,1249,,,,,,,,,,,,,,,,,,,,,,,,,,,,,,,,,9.999999747378752e-05,9.999999747378752e-05,3.232564267818816e-06,,,,,,,,,,,,,,,,,,,,,,,,,,,,,,,,,,,,,,,,,,,,,,,,,,,,,,,
15,1299,,,,,,,,,,,,,,,,,,,,,,,,,,,,,,,,,9.999999747378752e-05,9.999999747378752e-05,3.232564267818816e-06,,,,,,,,,,,,,,,,,,,,,,,,,,,,,,,,,,,,,,,,,,,,,,,,,,,,,,,
15,1311,,,,,,,,,,,,,,,,,,,,,,,,,,,,,,,,,,,,0.8099979162216187,0.78910893201828,0.35346534848213196,0.8564356565475464,0.6996048092842102,0.7660619020462036,0.8990875482559204,0.8549824357032776,0.10043524950742722,0.8806964755058289,60.73684310913086,60.73684310913086,60.73684310913086,60.73684310913086,60.73684310913086,0.3684208393096924,0.8589458465576172,0.7218837738037109,0.7397328019142151,0.8496512770652771,0.7146641612052917,18.09724998474121,0.02330993115901947,0.02408199943602085,0.024346785619854927,0.02417328581213951,0.026817666366696358,0.41323867440223694,0.435092568397522,0.41067278385162354,0.40856045484542847,0.43893080949783325,0.4977438151836395,0.5152491331100464,0.5090146660804749,0.5008565783500671,0.5278627276420593,0.0059059844352304935,0.0058910236693918705,0.005477294325828552,0.005044780671596527,0.007513156160712242,0.07022811472415924,0.06512988358736038,0.06665109097957611,0.0586109459400177,0.07948215305805206,0.8584602475166321,0.6810199618339539,0.8163524270057678,0.7033750414848328,0.9496055841445923,0.851792573928833,0.8503643274307251,0.7093092203140259
15,1311,1198.0914306640625,1198.1036376953125,1198.0975341796875,1198.0914306640625,1198.0244140625,1.1170395612716675,19.267778396606445,0.02903362549841404,0.02988583780825138,0.02914351038634777,0.028811698779463768,0.03245234489440918,0.44112348556518555,0.48190051317214966,0.4516538381576538,0.44382885098457336,0.46906769275665283,0.49623024463653564,0.5193799138069153,0.5105606913566589,0.5034312605857849,0.526293158531189,0.004983535967767239,0.006479109171777964,0.005417064297944307,0.005120608489960432,0.007431353908032179,0.06487300992012024,0.07696933299303055,0.06866630911827087,0.06620347499847412,0.08815214037895203,,,,,,,,,,,,,,,,,,,,,,,,,,,,,,,,,,,,,,,,,,,,,,,,,,,,,,,,,,
16,1349,,,,,,,,,,,,,,,,,,,,,,,,,,,,,,,,,9.999999747378752e-05,9.999999747378752e-05,3.232564267818816e-06,,,,,,,,,,,,,,,,,,,,,,,,,,,,,,,,,,,,,,,,,,,,,,,,,,,,,,,
16,1393,,,,,,,,,,,,,,,,,,,,,,,,,,,,,,,,,,,,0.8047401309013367,0.9554455280303955,0.8252475261688232,0.9085808396339417,0.6332331895828247,0.7431889176368713,0.9221239686012268,0.863217830657959,0.09920583665370941,0.914007842540741,60.73684310913086,60.73684310913086,60.73684310913086,60.73684310913086,60.73684310913086,0.528918445110321,0.9158700108528137,0.7666497230529785,0.7873998284339905,0.9057940244674683,0.7640659213066101,17.837234497070312,0.02334902621805668,0.02465098910033703,0.024335362017154694,0.02372291497886181,0.02764657884836197,0.4088205397129059,0.42350447177886963,0.4054122269153595,0.40355977416038513,0.43104177713394165,0.48517999053001404,0.5066614151000977,0.4975653290748596,0.4918772578239441,0.5177143216133118,0.004941974300891161,0.007255628705024719,0.005358478520065546,0.00490840757265687,0.007683604024350643,0.05880679562687874,0.07164793461561203,0.0639733150601387,0.06363304704427719,0.08359501510858536,0.913536787033081,0.7505537271499634,0.8652513027191162,0.7765498161315918,0.9566863775253296,0.9040276408195496,0.9025573134422302,0.7558131217956543
16,1393,1197.3902587890625,1197.4755859375,1197.445068359375,1197.46337890625,1197.3597412109375,0.7627688050270081,19.230514526367188,0.027749957516789436,0.02847781777381897,0.028279025107622147,0.02796783670783043,0.030609820038080215,0.4418465793132782,0.4843384325504303,0.45211461186408997,0.4441808760166168,0.47633370757102966,0.4932425320148468,0.514484703540802,0.5056821703910828,0.4978681802749634,0.5199027061462402,0.004970666952431202,0.00640500383451581,0.005310575012117624,0.004979142919182777,0.007549141068011522,0.06395740807056427,0.0766730010509491,0.06786644458770752,0.06516784429550171,0.08885279297828674,,,,,,,,,,,,,,,,,,,,,,,,,,,,,,,,,,,,,,,,,,,,,,,,,,,,,,,,,,
17,1399,,,,,,,,,,,,,,,,,,,,,,,,,,,,,,,,,9.999999747378752e-05,9.999999747378752e-05,3.232564267818816e-06,,,,,,,,,,,,,,,,,,,,,,,,,,,,,,,,,,,,,,,,,,,,,,,,,,,,,,,
17,1449,,,,,,,,,,,,,,,,,,,,,,,,,,,,,,,,,9.999999747378752e-05,9.999999747378752e-05,3.232564267818816e-06,,,,,,,,,,,,,,,,,,,,,,,,,,,,,,,,,,,,,,,,,,,,,,,,,,,,,,,
17,1475,,,,,,,,,,,,,,,,,,,,,,,,,,,,,,,,,,,,0.8239964246749878,0.9112211465835571,0.800990104675293,0.8136963844299316,0.6638814806938171,0.7539400458335876,0.8900601863861084,0.8648233413696289,0.10328201949596405,0.9145459532737732,60.73684310913086,60.73684310913086,60.73684310913086,60.73684310913086,60.73684310913086,0.3018094003200531,0.9158385992050171,0.7845475077629089,0.8022520542144775,0.9056980609893799,0.7703057527542114,18.26776695251465,0.02228824980556965,0.02452077530324459,0.023197362199425697,0.023350266739726067,0.028082486242055893,0.4191320240497589,0.44998225569725037,0.4225960671901703,0.41831281781196594,0.4454270303249359,0.4816189706325531,0.5077172517776489,0.4951295256614685,0.4891248941421509,0.5163441896438599,0.005467921495437622,0.007004952058196068,0.005626221187412739,0.005503777880221605,0.008194725960493088,0.053408026695251465,0.07477722316980362,0.057289235293865204,0.06890600919723511,0.09451228380203247,0.9128130674362183,0.7362101078033447,0.8689299821853638,0.7612142562866211,0.9536951780319214,0.9033185243606567,0.9019398093223572,0.7376335263252258
17,1475,1198.256103515625,1198.268310546875,1198.268310546875,1198.243896484375,1198.268310546875,1.132689356803894,19.227455139160156,0.03216005116701126,0.03372156620025635,0.033010777086019516,0.03253619372844696,0.03621910139918327,0.4363836348056793,0.4704380929470062,0.44143280386924744,0.43656840920448303,0.46402060985565186,0.5154184699058533,0.5378361940383911,0.5274549722671509,0.5207409858703613,0.546056866645813,0.0046702283434569836,0.005957551300525665,0.005112413316965103,0.004714039154350758,0.007207635790109634,0.06027232110500336,0.07155656814575195,0.06428325176239014,0.060425613075494766,0.08579640835523605,,,,,,,,,,,,,,,,,,,,,,,,,,,,,,,,,,,,,,,,,,,,,,,,,,,,,,,,,,
18,1499,,,,,,,,,,,,,,,,,,,,,,,,,,,,,,,,,9.999999747378752e-05,9.999999747378752e-05,3.232564267818816e-06,,,,,,,,,,,,,,,,,,,,,,,,,,,,,,,,,,,,,,,,,,,,,,,,,,,,,,,
18,1549,,,,,,,,,,,,,,,,,,,,,,,,,,,,,,,,,9.999999747378752e-05,9.999999747378752e-05,3.232564267818816e-06,,,,,,,,,,,,,,,,,,,,,,,,,,,,,,,,,,,,,,,,,,,,,,,,,,,,,,,
18,1557,,,,,,,,,,,,,,,,,,,,,,,,,,,,,,,,,,,,0.8284759521484375,0.9168316721916199,0.8999999761581421,0.8257426023483276,0.6782732605934143,0.7779321670532227,0.9147874712944031,0.8693470358848572,0.08800166100263596,0.9088143110275269,60.73684310913086,60.73684310913086,60.73684310913086,60.73684310913086,60.73684310913086,0.6991976499557495,0.8607228994369507,0.7363086938858032,0.7551319599151611,0.8506100177764893,0.7134745717048645,18.010461807250977,0.023758387193083763,0.0251862034201622,0.024431785568594933,0.024281373247504234,0.027607472613453865,0.41042694449424744,0.43042102456092834,0.4155373275279999,0.41472432017326355,0.43168237805366516,0.49378514289855957,0.5125917196273804,0.5014491081237793,0.4962642192840576,0.5197185277938843,0.004609139636158943,0.0064528826624155045,0.005036164075136185,0.004610463976860046,0.0072477818466722965,0.05867728963494301,0.07294554263353348,0.06288222223520279,0.0650549978017807,0.0769951194524765,0.9139786958694458,0.7554879784584045,0.8679967522621155,0.7777305245399475,0.9490538239479065,0.900275707244873,0.8992646336555481,0.7630397081375122
18,1557,1201.768310546875,1201.743896484375,1201.743896484375,1201.81103515625,1201.743896484375,1.0647560358047485,19.58795928955078,0.033591948449611664,0.03550177812576294,0.03433005511760712,0.03424246236681938,0.03768346458673477,0.4426819086074829,0.48073917627334595,0.4496597647666931,0.4429539442062378,0.46868085861206055,0.5214412808418274,0.5443444848060608,0.5345001816749573,0.5274580717086792,0.5511212944984436,0.005025976803153753,0.007269569206982851,0.0054940697737038136,0.005047605838626623,0.007935527712106705,0.06211967021226883,0.07671066373586655,0.06651241332292557,0.06358153373003006,0.08628308773040771,,,,,,,,,,,,,,,,,,,,,,,,,,,,,,,,,,,,,,,,,,,,,,,,,,,,,,,,,,
19,1599,,,,,,,,,,,,,,,,,,,,,,,,,,,,,,,,,9.999999747378752e-05,9.999999747378752e-05,3.232564267818816e-06,,,,,,,,,,,,,,,,,,,,,,,,,,,,,,,,,,,,,,,,,,,,,,,,,,,,,,,
19,1639,,,,,,,,,,,,,,,,,,,,,,,,,,,,,,,,,,,,0.8074884414672852,1.0,0.8504950404167175,0.9128713011741638,0.677909791469574,0.7693537473678589,0.8871617317199707,0.832301676273346,0.09629005938768387,0.9197876453399658,60.73684310913086,60.73684310913086,60.73684310913086,60.73684310913086,60.73684310913086,0.5490620136260986,0.8599671125411987,0.7262603044509888,0.7490077614784241,0.8494078516960144,0.716485857963562,18.328638076782227,0.02436426840722561,0.025353554636240005,0.025415033102035522,0.024681463837623596,0.027490610256791115,0.42639386653900146,0.4532337188720703,0.4221721887588501,0.4300178587436676,0.4422406554222107,0.4884664714336395,0.5064306259155273,0.493665486574173,0.4908612370491028,0.5191372036933899,0.004654982592910528,0.006374469492584467,0.0044043418020009995,0.0053826505318284035,0.0072427610866725445,0.05411779135465622,0.07885433733463287,0.05511815473437309,0.0636877790093422,0.08510293811559677,0.9127402901649475,0.7593190670013428,0.8763883113861084,0.7800830602645874,0.9559792876243591,0.9084729552268982,0.9065457582473755,0.764420747756958
19,1639,1199.719482421875,1199.719482421875,1199.719482421875,1199.719482421875,1199.719482421875,1.2083746194839478,19.323551177978516,0.03142701834440231,0.03272493556141853,0.03197016194462776,0.03177560865879059,0.035491883754730225,0.4418765604496002,0.4755413234233856,0.4482858180999756,0.44238170981407166,0.4676271378993988,0.5110878944396973,0.5327365398406982,0.5228467583656311,0.5163217186927795,0.5387713313102722,0.004617343191057444,0.0058785704895854,0.004984260071069002,0.004766581114381552,0.007093928754329681,0.062421198934316635,0.07286329567432404,0.06546006351709366,0.06224503740668297,0.08657258003950119,,,,,,,,,,,,,,,,,,,,,,,,,,,,,,,,,,,,,,,,,,,,,,,,,,,,,,,,,,
20,1649,,,,,,,,,,,,,,,,,,,,,,,,,,,,,,,,,9.999999747378752e-05,9.999999747378752e-05,3.232564267818816e-06,,,,,,,,,,,,,,,,,,,,,,,,,,,,,,,,,,,,,,,,,,,,,,,,,,,,,,,
20,1699,,,,,,,,,,,,,,,,,,,,,,,,,,,,,,,,,9.999999747378752e-05,9.999999747378752e-05,3.232564267818816e-06,,,,,,,,,,,,,,,,,,,,,,,,,,,,,,,,,,,,,,,,,,,,,,,,,,,,,,,
20,1721,,,,,,,,,,,,,,,,,,,,,,,,,,,,,,,,,,,,0.8223736882209778,1.0,0.4039604067802429,0.8999999761581421,0.6473432183265686,0.7878673672676086,0.9190909266471863,0.829538881778717,0.1052723079919815,0.8810147643089294,60.73684310913086,60.73684310913086,60.73684310913086,60.73684310913086,60.73684310913086,0.9932479858398438,0.8598548769950867,0.7327174544334412,0.7533263564109802,0.850187361240387,0.7224745154380798,17.8194580078125,0.024157285690307617,0.02526361681520939,0.02570454776287079,0.025049056857824326,0.028082076460123062,0.4114771783351898,0.42226770520210266,0.4002928137779236,0.4042327404022217,0.4329705536365509,0.48463118076324463,0.5120351910591125,0.5026599168777466,0.4921257197856903,0.5205867290496826,0.004697261843830347,0.00543071748688817,0.004944904707372189,0.004789747763425112,0.007585699670016766,0.059449147433042526,0.06377217173576355,0.057801254093647,0.06612500548362732,0.08498310297727585,0.8590161204338074,0.7128274440765381,0.8112627863883972,0.7305634021759033,0.9574318528175354,0.8509122133255005,0.8495933413505554,0.7142500281333923
20,1721,1200.219482421875,1200.298828125,1200.298828125,1200.219482421875,1200.219482421875,1.1887303590774536,19.614986419677734,0.02795175462961197,0.029168521985411644,0.028609830886125565,0.028402550145983696,0.031513601541519165,0.4593912363052368,0.5013700127601624,0.46840184926986694,0.46064409613609314,0.4964989423751831,0.47504907846450806,0.49910464882850647,0.48782944679260254,0.4807355999946594,0.5065085291862488,0.005083616357296705,0.007544330786913633,0.0057341549545526505,0.005256465170532465,0.008760740049183369,0.06624302268028259,0.07881802320480347,0.07009613513946533,0.06773295998573303,0.09608497470617294,,,,,,,,,,,,,,,,,,,,,,,,,,,,,,,,,,,,,,,,,,,,,,,,,,,,,,,,,,
21,1749,,,,,,,,,,,,,,,,,,,,,,,,,,,,,,,,,9.999999747378752e-05,9.999999747378752e-05,3.232564267818816e-06,,,,,,,,,,,,,,,,,,,,,,,,,,,,,,,,,,,,,,,,,,,,,,,,,,,,,,,
21,1799,,,,,,,,,,,,,,,,,,,,,,,,,,,,,,,,,9.999999747378752e-05,9.999999747378752e-05,3.232564267818816e-06,,,,,,,,,,,,,,,,,,,,,,,,,,,,,,,,,,,,,,,,,,,,,,,,,,,,,,,
21,1803,,,,,,,,,,,,,,,,,,,,,,,,,,,,,,,,,,,,0.7901861071586609,0.8554455637931824,0.4039604067802429,0.8693069219589233,0.5576496720314026,0.7545698285102844,0.8762238621711731,0.8505181670188904,0.09620349854230881,0.8698116540908813,60.73684310913086,60.73684310913086,60.73684310913086,60.73684310913086,60.73684310913086,1.1914383172988892,0.8600560426712036,0.7362089157104492,0.755620002746582,0.8495730757713318,0.7204501032829285,18.01093101501465,0.02533860132098198,0.02516973577439785,0.025112375617027283,0.024449551478028297,0.02864244021475315,0.41283753514289856,0.43940800428390503,0.40943095088005066,0.40863037109375,0.4399089217185974,0.48935288190841675,0.508360743522644,0.49897047877311707,0.4951815903186798,0.5226255059242249,0.004130073823034763,0.0050525241531431675,0.004685149993747473,0.0045117721892893314,0.006713090930134058,0.0545634925365448,0.07064265757799149,0.06819114834070206,0.05730943754315376,0.08166170120239258,0.8343852162361145,0.672673761844635,0.8120781183242798,0.6956959366798401,0.9644759297370911,0.832665205001831,0.8311508893966675,0.693254828453064
21,1803,1200.6463623046875,1200.6463623046875,1200.6463623046875,1200.6341552734375,1200.6463623046875,1.4808745384216309,19.32048797607422,0.030931176617741585,0.03164660185575485,0.031176691874861717,0.031141145154833794,0.033705320209264755,0.44455021619796753,0.4832504689693451,0.4534873962402344,0.44598615169525146,0.4769621193408966,0.4973166882991791,0.5204481482505798,0.5077552199363708,0.5013211369514465,0.5275473594665527,0.004965703468769789,0.006276813801378012,0.005240886006504297,0.005100807640701532,0.007411235012114048,0.061648931354284286,0.0735454335808754,0.06578157842159271,0.06215186417102814,0.0873807743191719,,,,,,,,,,,,,,,,,,,,,,,,,,,,,,,,,,,,,,,,,,,,,,,,,,,,,,,,,,
22,1849,,,,,,,,,,,,,,,,,,,,,,,,,,,,,,,,,9.999999747378752e-05,9.999999747378752e-05,3.232564267818816e-06,,,,,,,,,,,,,,,,,,,,,,,,,,,,,,,,,,,,,,,,,,,,,,,,,,,,,,,
22,1885,,,,,,,,,,,,,,,,,,,,,,,,,,,,,,,,,,,,0.7970917224884033,0.8891088962554932,0.8252475261688232,0.8564356565475464,0.6868369579315186,0.7847385406494141,0.8669549822807312,0.8305565714836121,0.08443456888198853,0.920817494392395,60.73684310913086,60.73684310913086,60.73684310913086,60.73684310913086,60.73684310913086,0.9825558066368103,0.860103964805603,0.7281292080879211,0.7511000633239746,0.8499753475189209,0.7218348979949951,18.196063995361328,0.02472294680774212,0.02477341704070568,0.02421972155570984,0.02460007183253765,0.02795010805130005,0.41972389817237854,0.43146735429763794,0.4195970892906189,0.4164888858795166,0.43633565306663513,0.5015801787376404,0.5230985283851624,0.5116175413131714,0.5033977627754211,0.5371152758598328,0.004212335217744112,0.005528128240257502,0.0054145860485732555,0.00533925648778677,0.007257312536239624,0.05374873802065849,0.06852594017982483,0.06669531762599945,0.06427698582410812,0.07761126756668091,0.9107057452201843,0.7357116937637329,0.8638399839401245,0.759978711605072,0.9546253085136414,0.9090895652770996,0.9068666696548462,0.769877016544342
22,1885,1197.3658447265625,1197.3658447265625,1197.3658447265625,1197.3658447265625,1197.3658447265625,1.0430253744125366,19.14202880859375,0.026140596717596054,0.02688623033463955,0.026669936254620552,0.026146182790398598,0.02912236750125885,0.4514874815940857,0.4854298532009125,0.4588456153869629,0.45442384481430054,0.48377957940101624,0.47420772910118103,0.49734097719192505,0.4859243333339691,0.4775863289833069,0.5066245198249817,0.004295673221349716,0.005956824868917465,0.004844752140343189,0.00440586032345891,0.006954948417842388,0.06194330006837845,0.0755058154463768,0.06654229760169983,0.06368082016706467,0.0886702761054039,,,,,,,,,,,,,,,,,,,,,,,,,,,,,,,,,,,,,,,,,,,,,,,,,,,,,,,,,,
23,1899,,,,,,,,,,,,,,,,,,,,,,,,,,,,,,,,,9.999999747378752e-05,9.999999747378752e-05,3.232564267818816e-06,,,,,,,,,,,,,,,,,,,,,,,,,,,,,,,,,,,,,,,,,,,,,,,,,,,,,,,
23,1949,,,,,,,,,,,,,,,,,,,,,,,,,,,,,,,,,9.999999747378752e-05,9.999999747378752e-05,3.232564267818816e-06,,,,,,,,,,,,,,,,,,,,,,,,,,,,,,,,,,,,,,,,,,,,,,,,,,,,,,,
23,1967,,,,,,,,,,,,,,,,,,,,,,,,,,,,,,,,,,,,0.8176049590110779,1.0,0.8252475261688232,0.8693069219589233,0.6913751363754272,0.7078954577445984,0.9165359139442444,0.8243491649627686,0.08973786979913712,0.9143799543380737,60.73684310913086,60.73684310913086,60.73684310913086,60.73684310913086,60.73684310913086,1.0149383544921875,0.8617046475410461,0.7315831184387207,0.7525960206985474,0.8504312634468079,0.7200328707695007,18.087858200073242,0.02283385768532753,0.02478041686117649,0.023428751155734062,0.02386065013706684,0.027320757508277893,0.4116838276386261,0.4459467828273773,0.41625428199768066,0.40979471802711487,0.43750807642936707,0.49879902601242065,0.520098865032196,0.5060776472091675,0.5055697560310364,0.5235732793807983,0.004465749952942133,0.009517913684248924,0.005718178581446409,0.004805729258805513,0.009154642932116985,0.05197848007082939,0.06945225596427917,0.06019170582294464,0.059810034930706024,0.0774175375699997,0.9129955172538757,0.7491170167922974,0.8725780248641968,0.7720755934715271,0.9490047693252563,0.9045568704605103,0.9032010436058044,0.7648458480834961
23,1967,1196.8963623046875,1196.8963623046875,1196.8963623046875,1196.8963623046875,1196.73779296875,1.5126409530639648,18.818655014038086,0.030100932344794273,0.030999915674328804,0.03055594302713871,0.03046046569943428,0.03306695073843002,0.4352916479110718,0.46454328298568726,0.4400441348552704,0.43521666526794434,0.4629492461681366,0.4924659729003906,0.5142507553100586,0.501675009727478,0.4953654110431671,0.5202529430389404,0.004340227227658033,0.005499821621924639,0.004608104471117258,0.004389586392790079,0.006611268036067486,0.05843086540699005,0.07067091763019562,0.06190336495637894,0.05959564447402954,0.08484739810228348,,,,,,,,,,,,,,,,,,,,,,,,,,,,,,,,,,,,,,,,,,,,,,,,,,,,,,,,,,
24,1999,,,,,,,,,,,,,,,,,,,,,,,,,,,,,,,,,9.999999747378752e-05,9.999999747378752e-05,3.232564267818816e-06,,,,,,,,,,,,,,,,,,,,,,,,,,,,,,,,,,,,,,,,,,,,,,,,,,,,,,,
24,2049,,,,,,,,,,,,,,,,,,,,,,,,,,,,,,,,,9.999999747378752e-05,9.999999747378752e-05,3.232564267818816e-06,,,,,,,,,,,,,,,,,,,,,,,,,,,,,,,,,,,,,,,,,,,,,,,,,,,,,,,
24,2049,,,,,,,,,,,,,,,,,,,,,,,,,,,,,,,,,,,,0.8156945109367371,1.0,0.8252475261688232,0.8628712892532349,0.6524879336357117,0.7791486382484436,0.8996286988258362,0.8203189969062805,0.10957001894712448,0.9133004546165466,60.73684310913086,60.73684310913086,60.73684310913086,60.73684310913086,60.73684310913086,1.8818365335464478,0.9170219898223877,0.7971147298812866,0.815698504447937,0.9054965376853943,0.7710807919502258,18.04458999633789,0.023879457265138626,0.025335701182484627,0.025325562804937363,0.024820154532790184,0.02798471972346306,0.4113966226577759,0.43448734283447266,0.41074681282043457,0.4092957079410553,0.4472079575061798,0.47403812408447266,0.49774083495140076,0.4867912232875824,0.47684183716773987,0.5128602385520935,0.004384124651551247,0.006868117023259401,0.004811594728380442,0.0062593817710876465,0.008128100074827671,0.05289763584733009,0.07798971980810165,0.05955488979816437,0.07978427410125732,0.08845128864049911,0.9158086776733398,0.751663088798523,0.8505971431732178,0.7764487266540527,0.9562763571739197,0.8992486596107483,0.903427004814148,0.7538740038871765
24,2049,1201.780517578125,1201.780517578125,1201.780517578125,1201.780517578125,1201.780517578125,1.4623061418533325,19.3558406829834,0.028369199484586716,0.030474165454506874,0.02943803369998932,0.02886062115430832,0.03283757343888283,0.4522658884525299,0.4837186336517334,0.4547201991081238,0.45138466358184814,0.4785427451133728,0.4891202449798584,0.5101301670074463,0.5003775358200073,0.4935864210128784,0.517646074295044,0.005133531987667084,0.007987544871866703,0.005768736824393272,0.005403824150562286,0.009041396901011467,0.06230928376317024,0.07653757929801941,0.06713210046291351,0.06410837173461914,0.09278970211744308,,,,,,,,,,,,,,,,,,,,,,,,,,,,,,,,,,,,,,,,,,,,,,,,,,,,,,,,,,
